Fragment,Peak Area,Identity,Order
AUUUAm2G,137297.46,RNA,6
CUCAG,133985.5,RNA,4
"Cm2,2GCCAG",38925.11,RNA,12
m7GUCm5CUG,143146.39,RNA,8
m5UPCG,324917,RNA,2
m1AUCCACAG,122025.6,RNA,10
ACmUGmAAYAPm5CUG,5565.87,RNA,14
AUUUAm2G,293800.08,Ligation Product,5
CUCAG,376828.86,Ligation Product,3
"Cm2,2GCCAG",83228.42,Ligation Product,11
m7GUCm5CUG,195105.38,Ligation Product,7
m5UPCG,474866.93,Ligation Product,1
m1AUCCACAG,205508.11,Ligation Product,9
ACmUGmAAYAPm5CUG,45731.67,Ligation Product,13